Skill,Skill Category,Career(s) Benefited,Description / Use in Career
Python,Programming,Data Analyst; ML Engineer; Automation Engineer,"Scripting, data analysis, and process automation"
Excel,Data Analysis,Business Analyst; Financial Analyst,"Data modeling, reporting, dashboards"
SQL,Database,Data Analyst; Data Engineer,Querying structured data from databases
Tableau,Data Visualization,BI Analyst; Data Analyst,Creating dashboards and visualizations
Power BI,Data Visualization,BI Analyst; Business Analyst,Business dashboards and reports
Machine Learning,AI/ML,ML Engineer; Quant Analyst,"Prediction models, clustering, regression"
Deep Learning,AI/ML,AI Researcher; CV Engineer,Neural networks for image and language tasks
R,Statistical Programming,Statistician; Biostatistician,"Hypothesis testing, regression analysis"
Git,Version Control,Developer; Research Collaborator,Code versioning and team collaboration
TensorFlow,Deep Learning Framework,AI Developer; Research Scientist,Training and deploying neural networks
PyTorch,Deep Learning Framework,DL Engineer; AI Developer,Custom deep learning model development
NLP,AI/ML,NLP Engineer; AI Researcher,"Language translation, text summarization"
Computer Vision,AI/ML,Robotics Engineer; Surveillance Analyst,"Object detection, facial recognition"
Reinforcement Learning,AI/ML,Robotics Engineer; Game AI Developer,Decision-making under uncertainty
Hadoop,Big Data,Big Data Engineer; Data Scientist,Distributed data processing
Spark,Big Data,Big Data Engineer; Data Engineer,Handling large-scale datasets
API Development,Software Engineering,Backend Developer; ML Engineer,"Connect services, integrate data"
Data Wrangling,Data Processing,Data Scientist; Data Analyst,Clean and format data
Time Series Analysis,Analytics,Quant Analyst; Forecasting Analyst,Predict future trends using time-based data
Data Engineering,Data Infrastructure,Data Engineer,Build scalable data pipelines
Business Strategy,Business,Management Consultant; Startup Founder,"Decision-making, opportunity evaluation"
Marketing Strategy,Marketing,Marketing Manager; Brand Strategist,Campaign planning and segmentation
SEO,Digital Marketing,SEO Specialist; Digital Marketer,Improving search visibility and traffic
SEM,Digital Marketing,PPC Manager; SEM Specialist,Paid search marketing
Google Ads,Digital Advertising,Paid Media Specialist,Creating and optimizing ad campaigns
Meta Ads,Digital Advertising,Performance Marketer,Optimizing social media ad performance
Email Marketing,Digital Marketing,CRM Manager; Marketing Specialist,Customer communication and retention
Market Research,Marketing,Consumer Researcher; Product Manager,Understanding trends and behavior
Behavioral Psychology,Psychology,UX Researcher; HR Specialist,Understanding user emotions and motivation
Consumer Psychology,Psychology,Brand Strategist; Market Researcher,Analyzing customer behavior
Cognitive Psychology,Psychology,Educational Psychologist,Memory and learning modeling
A/B Testing,Marketing Analytics,Growth Marketer; Product Manager,Optimizing conversions via experiments
Customer Journey Mapping,Marketing,UX Designer; CRM Specialist,Visualizing and improving user experience
Influencer Marketing,Digital Marketing,Influencer Manager,Leverage influencers for brand exposure
Product Marketing,Marketing,Product Marketer,Go-to-market strategy and messaging
Social Media Management,Digital Marketing,Social Media Manager,Creating content and managing platforms
Content Strategy,Marketing,Content Marketer,Planning and managing marketing content
Copywriting,Communication,Brand Copywriter; Content Writer,Crafting persuasive marketing text
Sales Funnel Design,Sales,Sales Strategist; Growth Hacker,Converting leads to customers
Affiliate Marketing,Digital Marketing,Affiliate Manager,Performance-based partnerships
Trading Strategies,Finance,Trader; Portfolio Manager,Quantitative and fundamental trading
Technical Analysis,Finance,Day Trader; Crypto Trader,Chart pattern reading
Financial Modeling,Finance,Investment Banker; Financial Analyst,Forecasting financial performance
Risk Management,Finance,Risk Analyst; Underwriter,Mitigating financial risks
Valuation,Finance,Equity Analyst; Investment Banker,Valuing companies and assets
Derivatives,Finance,Derivatives Trader; Risk Manager,Trading and hedging using options/futures
Portfolio Theory,Finance,Portfolio Manager,Diversification and risk-return tradeoffs
Quantitative Analysis,Finance,Quant Analyst; Financial Engineer,Numerical methods for finance
Accounting Principles,Finance,Accountant; Auditor,Recording and analyzing financial records
Cryptocurrency Analysis,Finance,Crypto Analyst; Blockchain Strategist,Evaluating digital assets
Music Composition,Arts,Composer; Sound Designer,Creating music for media or performance
Music Theory,Arts,Music Educator; Performer,Structuring and analyzing music
Audio Production,Media,Sound Engineer; Producer,"Mixing, mastering, and recording"
DAWs,Music Tech,Music Producer; Audio Engineer,Digital music production tools
Sound Design,Arts,Game Sound Designer; Film Audio Editor,Creating sound effects for media
Music Marketing,Marketing,Music Promoter; Artist Manager,Promoting music and artists
Lyric Writing,Arts,Songwriter; Lyricist,Crafting lyrics for music
Singing Techniques,Arts,Vocalist; Performer,Developing professional singing skills
Instrument Mastery,Arts,Musician; Performer,Professional-level instrument proficiency
Stage Performance,Performing Arts,Performer; Actor,Live audience engagement skills
Teaching,Education,Teacher; Trainer,Instructing and mentoring learners
Instructional Design,Education,eLearning Designer; Curriculum Developer,Designing educational content
Counseling,Psychology,Therapist; Counselor,Helping people with mental and emotional issues
Therapy Techniques,Psychology,Psychotherapist; Clinical Psychologist,Methods to assist emotional wellbeing
Child Psychology,Psychology,School Counselor; Developmental Psychologist,Understanding children's behavior
Soft Skills Training,Education,Trainer; Coach,Teaching interpersonal and professional skills
Public Speaking,Communication,Motivational Speaker; Educator,Effective presentation skills
Emotional Intelligence,Soft Skills,HR Manager; Leader,Empathy and relationship-building
Conflict Resolution,Soft Skills,Mediator; HR Professional,Managing and resolving disputes
Team Management,Leadership,Project Manager; Team Lead,Organizing and guiding teams
Python,Programming,Data Analyst or ML Engineer or Automation Engineer,"Scripting, data analysis, and process automation."
Excel,Data Analysis,Business Analyst or Financial Analyst,"Data modeling, reporting, dashboards."
SQL,Database,Data Analyst or Data Engineer,Querying structured data from databases.
Tableau,Data Visualization,BI Analyst or Data Analyst,Creating dashboards and visualizations.
Power BI,Data Visualization,BI Analyst or Business Analyst,Business dashboards and reports.
Machine Learning,AI/ML,ML Engineer or Quant Analyst,"Prediction models, clustering, regression."
Deep Learning,AI/ML,AI Researcher or CV Engineer,Neural networks for image and language tasks.
R,Statistical Programming,Statistician or Biostatistician,"Hypothesis testing, regression analysis."
Git,Version Control,Developer or Research Collaborator,Code versioning and team collaboration.
TensorFlow,Deep Learning Framework,AI Developer or Research Scientist,Training and deploying neural networks.
PyTorch,Deep Learning Framework,DL Engineer or AI Developer,Custom deep learning model development.
NLP,AI/ML,NLP Engineer or AI Researcher,"Language translation, text summarization."
Computer Vision,AI/ML,Robotics Engineer or Surveillance Analyst,"Object detection, facial recognition."
Reinforcement Learning,AI/ML,Robotics Engineer or Game AI Developer,Decision-making under uncertainty.
Hadoop,Big Data,Big Data Engineer or Data Scientist,Distributed data processing.
Spark,Big Data,Big Data Engineer or Data Engineer,Handling large-scale datasets.
API Development,Software Engineering,Backend Developer or ML Engineer,"Connect services, integrate data."
Data Wrangling,Data Processing,Data Scientist or Data Analyst,Clean and format data.
Time Series Analysis,Analytics,Quant Analyst or Forecasting Analyst,Predict future trends using time-based data.
Data Engineering,Data Infrastructure,Data Engineer,Build scalable data pipelines.
Business Strategy,Business,Management Consultant or Startup Founder,"Decision-making, opportunity evaluation."
Marketing Strategy,Marketing,Marketing Manager or Brand Strategist,Campaign planning and segmentation.
SEO,Digital Marketing,SEO Specialist or Digital Marketer,Improving search visibility and traffic.
SEM,Digital Marketing,PPC Manager or SEM Specialist,Paid search marketing.
Google Ads,Digital Advertising,Paid Media Specialist,Creating and optimizing ad campaigns.
Meta Ads,Digital Advertising,Performance Marketer,Optimizing social media ad performance.
Email Marketing,Digital Marketing,CRM Manager or Marketing Specialist,Customer communication and retention.
Market Research,Marketing,Consumer Researcher or Product Manager,Understanding trends and behavior.
Behavioral Psychology,Psychology,UX Researcher or HR Specialist,Understanding user emotions and motivation.
Consumer Psychology,Psychology,Brand Strategist or Market Researcher,Analyzing customer behavior.
Cognitive Psychology,Psychology,Educational Psychologist,Memory and learning modeling.
A/B Testing,Marketing Analytics,Growth Marketer or Product Manager,Optimizing conversions via experiments.
Customer Journey Mapping,Marketing,UX Designer or CRM Specialist,Visualizing and improving user experience.
Influencer Marketing,Digital Marketing,Influencer Manager,Leverage influencers for brand exposure.
Product Marketing,Marketing,Product Marketer,Go-to-market strategy and messaging.
Social Media Management,Digital Marketing,Social Media Manager,Creating content and managing platforms.
Content Strategy,Marketing,Content Marketer,Planning and managing marketing content.
Copywriting,Communication,Brand Copywriter or Content Writer,Crafting persuasive marketing text.
Sales Funnel Design,Sales,Sales Strategist or Growth Hacker,Converting leads to customers.
Affiliate Marketing,Digital Marketing,Affiliate Manager,Performance-based partnerships.
Trading Strategies,Finance,Trader or Portfolio Manager,Quantitative and fundamental trading.
Technical Analysis,Finance,Day Trader or Crypto Trader,Chart pattern reading.
Financial Modeling,Finance,Investment Banker or Financial Analyst,Forecasting financial performance.
Risk Management,Finance,Risk Analyst or Underwriter,Mitigating financial risks.
Valuation,Finance,Equity Analyst or Investment Banker,Valuing companies and assets.
Derivatives,Finance,Derivatives Trader or Risk Manager,Trading and hedging using options/futures.
Portfolio Theory,Finance,Portfolio Manager,Diversification and risk-return tradeoffs.
Quantitative Analysis,Finance,Quant Analyst or Financial Engineer,Numerical methods for finance.
Accounting Principles,Finance,Accountant or Auditor,Recording and analyzing financial records.
Cryptocurrency Analysis,Finance,Crypto Analyst or Blockchain Strategist,Evaluating digital assets.
Music Composition,Arts,Composer or Sound Designer,Creating music for media or performance.
Music Theory,Arts,Music Educator or Performer,Structuring and analyzing music.
Audio Production,Media,Sound Engineer or Producer,"Mixing, mastering, and recording."
DAWs,Music Tech,Music Producer or Audio Engineer,Digital music production tools.
Sound Design,Arts,Game Sound Designer or Film Audio Editor,Creating sound effects for media.
Music Marketing,Marketing,Music Promoter or Artist Manager,Promoting music and artists.
Lyric Writing,Arts,Songwriter or Lyricist,Crafting lyrics for music.
Singing Techniques,Arts,Vocalist or Performer,Developing professional singing skills.
Instrument Mastery,Arts,Musician or Performer,Professional-level instrument proficiency.
Stage Performance,Performing Arts,Performer or Actor,Live audience engagement skills.
Teaching,Education,Teacher or Trainer,Instructing and mentoring learners.
Instructional Design,Education,eLearning Designer or Curriculum Developer,Designing educational content.
Counseling,Psychology,Therapist or Counselor,Helping people with mental and emotional issues.
Therapy Techniques,Psychology,Psychotherapist or Clinical Psychologist,Methods to assist emotional wellbeing.
Child Psychology,Psychology,School Counselor or Developmental Psychologist,Understanding children's behavior.
Soft Skills Training,Education,Trainer or Coach,Teaching interpersonal and professional skills.
Public Speaking,Communication,Motivational Speaker or Educator,Effective presentation skills.
Emotional Intelligence,Soft Skills,HR Manager or Leader,Empathy and relationship-building.
Conflict Resolution,Soft Skills,Mediator or HR Professional,Managing and resolving disputes.
Team Management,Leadership,Project Manager or Team Lead,Organizing and guiding teams.
Python,Programming,"Data Analyst, ML Engineer, Automation Engineer","Scripting, data analysis, and process automation [advanced]"
Excel,Data Analysis,"Business Analyst, Financial Analyst","Data modeling, reporting, dashboards [advanced]"
SQL,Database,"Data Analyst, Data Engineer",Querying structured data from databases [advanced]
Tableau,Data Visualization,"BI Analyst, Data Analyst",Creating dashboards and visualizations [advanced]
Power BI,Data Visualization,"BI Analyst, Business Analyst",Business dashboards and reports [advanced]
Machine Learning,AI/ML,"ML Engineer, Quant Analyst","Prediction models, clustering, regression [advanced]"
Deep Learning,AI/ML,"AI Researcher, CV Engineer",Neural networks for image and language tasks [advanced]
R,Statistical Programming,"Statistician, Biostatistician","Hypothesis testing, regression analysis [advanced]"
Git,Version Control,"Developer, Research Collaborator",Code versioning and team collaboration [advanced]
TensorFlow,Deep Learning Framework,"AI Developer, Research Scientist",Training and deploying neural networks [advanced]
PyTorch,Deep Learning Framework,"DL Engineer, AI Developer",Custom deep learning model development [advanced]
NLP,AI/ML,"NLP Engineer, AI Researcher","Language translation, text summarization [advanced]"
Computer Vision,AI/ML,"Robotics Engineer, Surveillance Analyst","Object detection, facial recognition [advanced]"
Reinforcement Learning,AI/ML,"Robotics Engineer, Game AI Developer",Decision-making under uncertainty [advanced]
Hadoop,Big Data,"Big Data Engineer, Data Scientist",Distributed data processing [advanced]
Spark,Big Data,"Big Data Engineer, Data Engineer",Handling large-scale datasets [advanced]
API Development,Software Engineering,"Backend Developer, ML Engineer","Connect services, integrate data [advanced]"
Data Wrangling,Data Processing,"Data Scientist, Data Analyst",Clean and format data [advanced]
Time Series Analysis,Analytics,"Quant Analyst, Forecasting Analyst",Predict future trends using time-based data [advanced]
Data Engineering,Data Infrastructure,Data Engineer,Build scalable data pipelines [advanced]
Business Strategy,Business,"Management Consultant, Startup Founder","Decision-making, opportunity evaluation [advanced]"
Marketing Strategy,Marketing,"Marketing Manager, Brand Strategist",Campaign planning and segmentation [advanced]
SEO,Digital Marketing,"SEO Specialist, Digital Marketer",Improving search visibility and traffic [advanced]
SEM,Digital Marketing,"PPC Manager, SEM Specialist",Paid search marketing [advanced]
Google Ads,Digital Advertising,Paid Media Specialist,Creating and optimizing ad campaigns [advanced]
Meta Ads,Digital Advertising,Performance Marketer,Optimizing social media ad performance [advanced]
Email Marketing,Digital Marketing,"CRM Manager, Marketing Specialist",Customer communication and retention [advanced]
Market Research,Marketing,"Consumer Researcher, Product Manager",Understanding trends and behavior [advanced]
Behavioral Psychology,Psychology,"UX Researcher, HR Specialist",Understanding user emotions and motivation [advanced]
Consumer Psychology,Psychology,"Brand Strategist, Market Researcher",Analyzing customer behavior [advanced]
Cognitive Psychology,Psychology,Educational Psychologist,Memory and learning modeling [advanced]
A/B Testing,Marketing Analytics,"Growth Marketer, Product Manager",Optimizing conversions via experiments [advanced]
Customer Journey Mapping,Marketing,"UX Designer, CRM Specialist",Visualizing and improving user experience [advanced]
Influencer Marketing,Digital Marketing,Influencer Manager,Leverage influencers for brand exposure [advanced]
Product Marketing,Marketing,Product Marketer,Go-to-market strategy and messaging [advanced]
Social Media Management,Digital Marketing,Social Media Manager,Creating content and managing platforms [advanced]
Content Strategy,Marketing,Content Marketer,Planning and managing marketing content [advanced]
Copywriting,Communication,"Brand Copywriter, Content Writer",Crafting persuasive marketing text [advanced]
Sales Funnel Design,Sales,"Sales Strategist, Growth Hacker",Converting leads to customers [advanced]
Affiliate Marketing,Digital Marketing,Affiliate Manager,Performance-based partnerships [advanced]
Trading Strategies,Finance,"Trader, Portfolio Manager",Quantitative and fundamental trading [advanced]
Technical Analysis,Finance,"Day Trader, Crypto Trader",Chart pattern reading [advanced]
Financial Modeling,Finance,"Investment Banker, Financial Analyst",Forecasting financial performance [advanced]
Risk Management,Finance,"Risk Analyst, Underwriter",Mitigating financial risks [advanced]
Valuation,Finance,"Equity Analyst, Investment Banker",Valuing companies and assets [advanced]
Derivatives,Finance,"Derivatives Trader, Risk Manager",Trading and hedging using options/futures [advanced]
Portfolio Theory,Finance,Portfolio Manager,Diversification and risk-return tradeoffs [advanced]
Quantitative Analysis,Finance,"Quant Analyst, Financial Engineer",Numerical methods for finance [advanced]
Accounting Principles,Finance,"Accountant, Auditor",Recording and analyzing financial records [advanced]
Cryptocurrency Analysis,Finance,"Crypto Analyst, Blockchain Strategist",Evaluating digital assets [advanced]
Music Composition,Arts,"Composer, Sound Designer",Creating music for media or performance [advanced]
Music Theory,Arts,"Music Educator, Performer",Structuring and analyzing music [advanced]
Audio Production,Media,"Sound Engineer, Producer","Mixing, mastering, and recording [advanced]"
DAWs,Music Tech,"Music Producer, Audio Engineer",Digital music production tools [advanced]
Sound Design,Arts,"Game Sound Designer, Film Audio Editor",Creating sound effects for media [advanced]
Music Marketing,Marketing,"Music Promoter, Artist Manager",Promoting music and artists [advanced]
Lyric Writing,Arts,"Songwriter, Lyricist",Crafting lyrics for music [advanced]
Singing Techniques,Arts,"Vocalist, Performer",Developing professional singing skills [advanced]
Instrument Mastery,Arts,"Musician, Performer",Professional-level instrument proficiency [advanced]
Stage Performance,Performing Arts,"Performer, Actor",Live audience engagement skills [advanced]
Teaching,Education,"Teacher, Trainer",Instructing and mentoring learners [advanced]
Instructional Design,Education,"eLearning Designer, Curriculum Developer",Designing educational content [advanced]
Counseling,Psychology,"Therapist, Counselor",Helping people with mental and emotional issues [advanced]
Therapy Techniques,Psychology,"Psychotherapist, Clinical Psychologist",Methods to assist emotional wellbeing [advanced]
Child Psychology,Psychology,"School Counselor, Developmental Psychologist",Understanding children's behavior [advanced]
Soft Skills Training,Education,"Trainer, Coach",Teaching interpersonal and professional skills [advanced]
Public Speaking,Communication,"Motivational Speaker, Educator",Effective presentation skills [advanced]
Emotional Intelligence,Soft Skills,"HR Manager, Leader",Empathy and relationship-building [advanced]
Conflict Resolution,Soft Skills,"Mediator, HR Professional",Managing and resolving disputes [advanced]
Team Management,Leadership,"Project Manager, Team Lead",Organizing and guiding teams [advanced]
Python,Programming,Data Analyst; ML Engineer; Automation Engineer (advanced),"Scripting, data analysis, and process automation - expert level"
Excel,Data Analysis,Business Analyst; Financial Analyst (advanced),"Data modeling, reporting, dashboards - expert level"
SQL,Database,Data Analyst; Data Engineer (advanced),Querying structured data from databases - expert level
Tableau,Data Visualization,BI Analyst; Data Analyst (advanced),Creating dashboards and visualizations - expert level
Power BI,Data Visualization,BI Analyst; Business Analyst (advanced),Business dashboards and reports - expert level
Machine Learning,AI/ML,ML Engineer; Quant Analyst (advanced),"Prediction models, clustering, regression - expert level"
Deep Learning,AI/ML,AI Researcher; CV Engineer (advanced),Neural networks for image and language tasks - expert level
R,Statistical Programming,Statistician; Biostatistician (advanced),"Hypothesis testing, regression analysis - expert level"
Git,Version Control,Developer; Research Collaborator (advanced),Code versioning and team collaboration - expert level
TensorFlow,Deep Learning Framework,AI Developer; Research Scientist (advanced),Training and deploying neural networks - expert level
PyTorch,Deep Learning Framework,DL Engineer; AI Developer (advanced),Custom deep learning model development - expert level
NLP,AI/ML,NLP Engineer; AI Researcher (advanced),"Language translation, text summarization - expert level"
Computer Vision,AI/ML,Robotics Engineer; Surveillance Analyst (advanced),"Object detection, facial recognition - expert level"
Reinforcement Learning,AI/ML,Robotics Engineer; Game AI Developer (advanced),Decision-making under uncertainty - expert level
Hadoop,Big Data,Big Data Engineer; Data Scientist (advanced),Distributed data processing - expert level
Spark,Big Data,Big Data Engineer; Data Engineer (advanced),Handling large-scale datasets - expert level
API Development,Software Engineering,Backend Developer; ML Engineer (advanced),"Connect services, integrate data - expert level"
Data Wrangling,Data Processing,Data Scientist; Data Analyst (advanced),Clean and format data - expert level
Time Series Analysis,Analytics,Quant Analyst; Forecasting Analyst (advanced),Predict future trends using time-based data - expert level
Data Engineering,Data Infrastructure,Data Engineer (advanced),Build scalable data pipelines - expert level
Business Strategy,Business,Management Consultant; Startup Founder (advanced),"Decision-making, opportunity evaluation - expert level"
Marketing Strategy,Marketing,Marketing Manager; Brand Strategist (advanced),Campaign planning and segmentation - expert level
SEO,Digital Marketing,SEO Specialist; Digital Marketer (advanced),Improving search visibility and traffic - expert level
SEM,Digital Marketing,PPC Manager; SEM Specialist (advanced),Paid search marketing - expert level
Google Ads,Digital Advertising,Paid Media Specialist (advanced),Creating and optimizing ad campaigns - expert level
Meta Ads,Digital Advertising,Performance Marketer (advanced),Optimizing social media ad performance - expert level
Email Marketing,Digital Marketing,CRM Manager; Marketing Specialist (advanced),Customer communication and retention - expert level
Market Research,Marketing,Consumer Researcher; Product Manager (advanced),Understanding trends and behavior - expert level
Behavioral Psychology,Psychology,UX Researcher; HR Specialist (advanced),Understanding user emotions and motivation - expert level
Consumer Psychology,Psychology,Brand Strategist; Market Researcher (advanced),Analyzing customer behavior - expert level
Cognitive Psychology,Psychology,Educational Psychologist (advanced),Memory and learning modeling - expert level
A/B Testing,Marketing Analytics,Growth Marketer; Product Manager (advanced),Optimizing conversions via experiments - expert level
Customer Journey Mapping,Marketing,UX Designer; CRM Specialist (advanced),Visualizing and improving user experience - expert level
Influencer Marketing,Digital Marketing,Influencer Manager (advanced),Leverage influencers for brand exposure - expert level
Product Marketing,Marketing,Product Marketer (advanced),Go-to-market strategy and messaging - expert level
Social Media Management,Digital Marketing,Social Media Manager (advanced),Creating content and managing platforms - expert level
Content Strategy,Marketing,Content Marketer (advanced),Planning and managing marketing content - expert level
Copywriting,Communication,Brand Copywriter; Content Writer (advanced),Crafting persuasive marketing text - expert level
Sales Funnel Design,Sales,Sales Strategist; Growth Hacker (advanced),Converting leads to customers - expert level
Affiliate Marketing,Digital Marketing,Affiliate Manager (advanced),Performance-based partnerships - expert level
Trading Strategies,Finance,Trader; Portfolio Manager (advanced),Quantitative and fundamental trading - expert level
Technical Analysis,Finance,Day Trader; Crypto Trader (advanced),Chart pattern reading - expert level
Financial Modeling,Finance,Investment Banker; Financial Analyst (advanced),Forecasting financial performance - expert level
Risk Management,Finance,Risk Analyst; Underwriter (advanced),Mitigating financial risks - expert level
Valuation,Finance,Equity Analyst; Investment Banker (advanced),Valuing companies and assets - expert level
Derivatives,Finance,Derivatives Trader; Risk Manager (advanced),Trading and hedging using options/futures - expert level
Portfolio Theory,Finance,Portfolio Manager (advanced),Diversification and risk-return tradeoffs - expert level
Quantitative Analysis,Finance,Quant Analyst; Financial Engineer (advanced),Numerical methods for finance - expert level
Accounting Principles,Finance,Accountant; Auditor (advanced),Recording and analyzing financial records - expert level
Cryptocurrency Analysis,Finance,Crypto Analyst; Blockchain Strategist (advanced),Evaluating digital assets - expert level
Music Composition,Arts,Composer; Sound Designer (advanced),Creating music for media or performance - expert level
Music Theory,Arts,Music Educator; Performer (advanced),Structuring and analyzing music - expert level
Audio Production,Media,Sound Engineer; Producer (advanced),"Mixing, mastering, and recording - expert level"
DAWs,Music Tech,Music Producer; Audio Engineer (advanced),Digital music production tools - expert level
Sound Design,Arts,Game Sound Designer; Film Audio Editor (advanced),Creating sound effects for media - expert level
Music Marketing,Marketing,Music Promoter; Artist Manager (advanced),Promoting music and artists - expert level
Lyric Writing,Arts,Songwriter; Lyricist (advanced),Crafting lyrics for music - expert level
Singing Techniques,Arts,Vocalist; Performer (advanced),Developing professional singing skills - expert level
Instrument Mastery,Arts,Musician; Performer (advanced),Professional-level instrument proficiency - expert level
Stage Performance,Performing Arts,Performer; Actor (advanced),Live audience engagement skills - expert level
Teaching,Education,Teacher; Trainer (advanced),Instructing and mentoring learners - expert level
Instructional Design,Education,eLearning Designer; Curriculum Developer (advanced),Designing educational content - expert level
Counseling,Psychology,Therapist; Counselor (advanced),Helping people with mental and emotional issues - expert level
Therapy Techniques,Psychology,Psychotherapist; Clinical Psychologist (advanced),Methods to assist emotional wellbeing - expert level
Child Psychology,Psychology,School Counselor; Developmental Psychologist (advanced),Understanding children's behavior - expert level
Soft Skills Training,Education,Trainer; Coach (advanced),Teaching interpersonal and professional skills - expert level
Public Speaking,Communication,Motivational Speaker; Educator (advanced),Effective presentation skills - expert level
Emotional Intelligence,Soft Skills,HR Manager; Leader (advanced),Empathy and relationship-building - expert level
Conflict Resolution,Soft Skills,Mediator; HR Professional (advanced),Managing and resolving disputes - expert level
Team Management,Leadership,Project Manager; Team Lead (advanced),Organizing and guiding teams - expert level
